<?xml version="1.0" encoding="utf-8" ?> 
<application xmlns="http://ns.adobe.com/air/application/18.0">
	
	<id>snd4flash</id> 
	<versionNumber>1.0</versionNumber> 
	<filename>snd4flash</filename> 
	
	<name>snd4flash</name> 
	<description></description> 
	<copyright></copyright> 
	
	<initialWindow> 
		<title>snd4flash</title> 
		<content>snd4flash.swf</content> 
		<systemChrome>standard</systemChrome> 
		<transparent>false</transparent> 
		<visible>true</visible> 
		<minimizable>true</minimizable> 
		<maximizable>true</maximizable> 
		<resizable>true</resizable> 
	</initialWindow> 
	
	<!-- 
	More options:
	http://livedocs.adobe.com/flex/3/html/File_formats_1.html#1043413
	-->
</application>